縣市別代碼,日期,時間,平假日,調查地點,行駛方向,左轉PCU,直行PCU,右轉PCU
"10018","1080918","07:00-08:00","平日","中華路1段與台68線路口","往北","86","2131","753"
"10018","1080918","08:00-09:00","平日","中華路1段與台68線路口","往北","47","2059","626"
"10018","1080918","17:00-18:00","平日","中華路1段與台68線路口","往北","55","2108","783"
"10018","1080918","18:00-19:00","平日","中華路1段與台68線路口","往北","28","2287","648"
"10018","1080918","07:00-08:00","平日","中華路1段與台68線路口","往東","752","132","15"
"10018","1080918","08:00-09:00","平日","中華路1段與台68線路口","往東","851","82","10"
"10018","1080918","17:00-18:00","平日","中華路1段與台68線路口","往東","603","77","32"
"10018","1080918","18:00-19:00","平日","中華路1段與台68線路口","往東","578","64","14"
"10018","1080918","07:00-08:00","平日","中華路1段與台68線路口","往南","190","1759","758"
"10018","1080918","08:00-09:00","平日","中華路1段與台68線路口","往南","157","2053","666"
"10018","1080918","17:00-18:00","平日","中華路1段與台68線路口","往南","277","1927","622"
"10018","1080918","18:00-19:00","平日","中華路1段與台68線路口","往南","249","1909","610"
"10018","1080921","12:00-13:00","假日","中華路1段與台68線路口","往北","100","1319","571"
"10018","1080921","13:00-14:00","假日","中華路1段與台68線路口","往北","98","1611","693"
"10018","1080921","17:00-18:00","假日","中華路1段與台68線路口","往北","114","2111","751"
"10018","1080921","18:00-19:00","假日","中華路1段與台68線路口","往北","63","1762","688"
"10018","1080921","12:00-13:00","假日","中華路1段與台68線路口","往東","482","66","50"
"10018","1080921","13:00-14:00","假日","中華路1段與台68線路口","往東","460","91","59"
"10018","1080921","17:00-18:00","假日","中華路1段與台68線路口","往東","667","55","51"
"10018","1080921","18:00-19:00","假日","中華路1段與台68線路口","往東","703","52","62"
"10018","1080921","12:00-13:00","假日","中華路1段與台68線路口","往南","85","1567","432"
"10018","1080921","13:00-14:00","假日","中華路1段與台68線路口","往南","117","1897","464"
"10018","1080921","17:00-18:00","假日","中華路1段與台68線路口","往南","148","1609","384"
"10018","1080921","18:00-19:00","假日","中華路1段與台68線路口","往南","98","1250","391"
"10018","1080918","07:00-08:00","平日","中華路1段與中華路1段78巷口","往北","20","2765","0"
"10018","1080918","08:00-09:00","平日","中華路1段與中華路1段78巷口","往北","21","2661","0"
"10018","1080918","17:00-18:00","平日","中華路1段與中華路1段78巷口","往北","19","2876","0"
"10018","1080918","18:00-19:00","平日","中華路1段與中華路1段78巷口","往北","20","2850","0"
"10018","1080918","07:00-08:00","平日","中華路1段與中華路1段78巷口","往東","41","0","39"
"10018","1080918","08:00-09:00","平日","中華路1段與中華路1段78巷口","往東","53","0","46"
"10018","1080918","17:00-18:00","平日","中華路1段與中華路1段78巷口","往東","39","0","42"
"10018","1080918","18:00-19:00","平日","中華路1段與中華路1段78巷口","往東","34","0","40"
"10018","1080918","07:00-08:00","平日","中華路1段與中華路1段78巷口","往南","10","1738","0"
"10018","1080918","08:00-09:00","平日","中華路1段與中華路1段78巷口","往南","17","2115","0"
"10018","1080918","17:00-18:00","平日","中華路1段與中華路1段78巷口","往南","17","1973","0"
"10018","1080918","18:00-19:00","平日","中華路1段與中華路1段78巷口","往南","14","1965","0"
"10018","1080921","12:00-13:00","假日","中華路1段與中華路1段78巷口","往北","33","1948","0"
"10018","1080921","13:00-14:00","假日","中華路1段與中華路1段78巷口","往北","9","2317","0"
"10018","1080921","17:00-18:00","假日","中華路1段與中華路1段78巷口","往北","30","3011","0"
"10018","1080921","18:00-19:00","假日","中華路1段與中華路1段78巷口","往北","32","2712","0"
"10018","1080921","12:00-13:00","假日","中華路1段與中華路1段78巷口","往東","10","0","4"
"10018","1080921","13:00-14:00","假日","中華路1段與中華路1段78巷口","往東","12","0","12"
"10018","1080921","17:00-18:00","假日","中華路1段與中華路1段78巷口","往東","7","0","4"
"10018","1080921","18:00-19:00","假日","中華路1段與中華路1段78巷口","往東","17","0","15"
"10018","1080921","12:00-13:00","假日","中華路1段與中華路1段78巷口","往南","7","1724","0"
"10018","1080921","13:00-14:00","假日","中華路1段與中華路1段78巷口","往南","8","1982","0"
"10018","1080921","17:00-18:00","假日","中華路1段與中華路1段78巷口","往南","5","1719","0"
"10018","1080921","18:00-19:00","假日","中華路1段與中華路1段78巷口","往南","6","1462","0"
"10018","1080918","07:00-08:00","平日","經國路1段與中華路1段路口","往北","1","1600","1"
"10018","1080918","08:00-09:00","平日","經國路1段與中華路1段路口","往北","0","1432","1"
"10018","1080918","17:00-18:00","平日","經國路1段與中華路1段路口","往北","0","1438","1"
"10018","1080918","18:00-19:00","平日","經國路1段與中華路1段路口","往北","1","1426","1"
"10018","1080918","07:00-08:00","平日","經國路1段與中華路1段路口","往東","1296","1","0"
"10018","1080918","08:00-09:00","平日","經國路1段與中華路1段路口","往東","1457","0","19"
"10018","1080918","17:00-18:00","平日","經國路1段與中華路1段路口","往東","1394","1","47"
"10018","1080918","18:00-19:00","平日","經國路1段與中華路1段路口","往東","1480","0","36"
"10018","1080918","07:00-08:00","平日","經國路1段與中華路1段路口","往南","0","1106","1000"
"10018","1080918","08:00-09:00","平日","經國路1段與中華路1段路口","往南","0","1146","1059"
"10018","1080918","17:00-18:00","平日","經國路1段與中華路1段路口","往南","6","1146","926"
"10018","1080918","18:00-19:00","平日","經國路1段與中華路1段路口","往南","4","1336","924"
"10018","1080918","07:00-08:00","平日","經國路1段與中華路1段路口","往西","23","17","6"
"10018","1080918","08:00-09:00","平日","經國路1段與中華路1段路口","往西","18","13","4"
"10018","1080918","17:00-18:00","平日","經國路1段與中華路1段路口","往西","12","12","10"
"10018","1080918","18:00-19:00","平日","經國路1段與中華路1段路口","往西","18","11","2"
"10018","1080921","12:00-13:00","假日","經國路1段與中華路1段路口","往北","1","1074","9"
"10018","1080921","13:00-14:00","假日","經國路1段與中華路1段路口","往北","2","1085","6"
"10018","1080921","17:00-18:00","假日","經國路1段與中華路1段路口","往北","0","1685","6"
"10018","1080921","18:00-19:00","假日","經國路1段與中華路1段路口","往北","0","1522","3"
"10018","1080921","12:00-13:00","假日","經國路1段與中華路1段路口","往東","966","5","18"
"10018","1080921","13:00-14:00","假日","經國路1段與中華路1段路口","往東","1003","9","35"
"10018","1080921","17:00-18:00","假日","經國路1段與中華路1段路口","往東","1490","5","27"
"10018","1080921","18:00-19:00","假日","經國路1段與中華路1段路口","往東","1392","5","14"
"10018","1080921","12:00-13:00","假日","經國路1段與中華路1段路口","往南","787","1076","5"
"10018","1080921","13:00-14:00","假日","經國路1段與中華路1段路口","往南","1","1049","837"
"10018","1080921","17:00-18:00","假日","經國路1段與中華路1段路口","往南","3","995","804"
"10018","1080921","18:00-19:00","假日","經國路1段與中華路1段路口","往南","3","859","752"
"10018","1080921","12:00-13:00","假日","經國路1段與中華路1段路口","往西","11","9","12"
"10018","1080921","13:00-14:00","假日","經國路1段與中華路1段路口","往西","12","6","11"
"10018","1080921","17:00-18:00","假日","經國路1段與中華路1段路口","往西","9","8","10"
"10018","1080921","18:00-19:00","假日","經國路1段與中華路1段路口","往西","7","6","7"
"10018","1080918","07:00-08:00","平日","中華路1段與太原路口","往北","1","1651","75"
"10018","1080918","08:00-09:00","平日","中華路1段與太原路口","往北","1","1556","97"
"10018","1080918","17:00-18:00","平日","中華路1段與太原路口","往北","4","1367","83"
"10018","1080918","18:00-19:00","平日","中華路1段與太原路口","往北","1","1283","73"
"10018","1080918","07:00-08:00","平日","中華路1段與太原路口","往東","5","69","10"
"10018","1080918","08:00-09:00","平日","中華路1段與太原路口","往東","9","73","13"
"10018","1080918","17:00-18:00","平日","中華路1段與太原路口","往東","7","39","13"
"10018","1080918","18:00-19:00","平日","中華路1段與太原路口","往東","5","52","9"
"10018","1080918","07:00-08:00","平日","中華路1段與太原路口","往南","75","1043","0"
"10018","1080918","08:00-09:00","平日","中華路1段與太原路口","往南","107","1116","6"
"10018","1080918","17:00-18:00","平日","中華路1段與太原路口","往南","61","1145","7"
"10018","1080918","18:00-19:00","平日","中華路1段與太原路口","往南","69","1378","8"
"10018","1080918","07:00-08:00","平日","中華路1段與太原路口","往西","112","6","94"
"10018","1080918","08:00-09:00","平日","中華路1段與太原路口","往西","124","11","82"
"10018","1080918","17:00-18:00","平日","中華路1段與太原路口","往西","107","6","133"
"10018","1080918","18:00-19:00","平日","中華路1段與太原路口","往西","116","6","145"
"10018","1080921","12:00-13:00","假日","中華路1段與太原路口","往北","0","997","54"
"10018","1080921","13:00-14:00","假日","中華路1段與太原路口","往北","2","1094","61"
"10018","1080921","17:00-18:00","假日","中華路1段與太原路口","往北","1","1543","68"
"10018","1080921","18:00-19:00","假日","中華路1段與太原路口","往北","0","1388","47"
"10018","1080921","12:00-13:00","假日","中華路1段與太原路口","往東","3","12","1"
"10018","1080921","13:00-14:00","假日","中華路1段與太原路口","往東","3","11","11"
"10018","1080921","17:00-18:00","假日","中華路1段與太原路口","往東","0","14","4"
"10018","1080921","18:00-19:00","假日","中華路1段與太原路口","往東","0","18","2"
"10018","1080921","12:00-13:00","假日","中華路1段與太原路口","往南","39","963","5"
"10018","1080921","13:00-14:00","假日","中華路1段與太原路口","往南","28","1069","3"
"10018","1080921","17:00-18:00","假日","中華路1段與太原路口","往南","33","918","11"
"10018","1080921","18:00-19:00","假日","中華路1段與太原路口","往南","29","794","6"
"10018","1080921","12:00-13:00","假日","中華路1段與太原路口","往西","52","3","54"
"10018","1080921","13:00-14:00","假日","中華路1段與太原路口","往西","54","4","40"
"10018","1080921","17:00-18:00","假日","中華路1段與太原路口","往西","72","5","51"
"10018","1080921","18:00-19:00","假日","中華路1段與太原路口","往西","42","5","54"
"10018","1080918","07:00-08:00","平日","中華路1段與中華路1段236巷口","往北","0","1645","0"
"10018","1080918","08:00-09:00","平日","中華路1段與中華路1段236巷口","往北","4","1525","0"
"10018","1080918","17:00-18:00","平日","中華路1段與中華路1段236巷口","往北","4","1447","0"
"10018","1080918","18:00-19:00","平日","中華路1段與中華路1段236巷口","往北","6","1400","0"
"10018","1080918","07:00-08:00","平日","中華路1段與中華路1段236巷口","往東","2","0","40"
"10018","1080918","08:00-09:00","平日","中華路1段與中華路1段236巷口","往東","1","0","54"
"10018","1080918","17:00-18:00","平日","中華路1段與中華路1段236巷口","往東","3","0","50"
"10018","1080918","18:00-19:00","平日","中華路1段與中華路1段236巷口","往東","3","0","22"
"10018","1080918","07:00-08:00","平日","中華路1段與中華路1段236巷口","往南","0","1078","5"
"10018","1080918","08:00-09:00","平日","中華路1段與中華路1段236巷口","往南","0","1525","1"
"10018","1080918","17:00-18:00","平日","中華路1段與中華路1段236巷口","往南","0","1180","13"
"10018","1080918","18:00-19:00","平日","中華路1段與中華路1段236巷口","往南","0","1414","7"
"10018","1080921","12:00-13:00","假日","中華路1段與中華路1段236巷口","往北","2","1041","0"
"10018","1080921","13:00-14:00","假日","中華路1段與中華路1段236巷口","往北","5","1117","0"
"10018","1080921","17:00-18:00","假日","中華路1段與中華路1段236巷口","往北","3","1667","0"
"10018","1080921","18:00-19:00","假日","中華路1段與中華路1段236巷口","往北","1","1419","0"
"10018","1080921","12:00-13:00","假日","中華路1段與中華路1段236巷口","往東","1","0","7"
"10018","1080921","13:00-14:00","假日","中華路1段與中華路1段236巷口","往東","2","0","13"
"10018","1080921","17:00-18:00","假日","中華路1段與中華路1段236巷口","往東","3","0","10"
"10018","1080921","18:00-19:00","假日","中華路1段與中華路1段236巷口","往東","0","0","11"
"10018","1080921","12:00-13:00","假日","中華路1段與中華路1段236巷口","往南","0","1018","6"
"10018","1080921","13:00-14:00","假日","中華路1段與中華路1段236巷口","往南","0","1098","7"
"10018","1080921","17:00-18:00","假日","中華路1段與中華路1段236巷口","往南","0","1040","2"
"10018","1080921","18:00-19:00","假日","中華路1段與中華路1段236巷口","往南","0","861","2"
"10018","1080918","07:00-08:00","平日","中華路1段與中華路1段284巷口","往北","4","1576","45"
"10018","1080918","08:00-09:00","平日","中華路1段與中華路1段284巷口","往北","6","1548","66"
"10018","1080918","17:00-18:00","平日","中華路1段與中華路1段284巷口","往北","8","1431","43"
"10018","1080918","18:00-19:00","平日","中華路1段與中華路1段284巷口","往北","8","1337","45"
"10018","1080918","07:00-08:00","平日","中華路1段與中華路1段284巷口","往東","8","7","16"
"10018","1080918","08:00-09:00","平日","中華路1段與中華路1段284巷口","往東","4","11","8"
"10018","1080918","17:00-18:00","平日","中華路1段與中華路1段284巷口","往東","1","1","10"
"10018","1080918","18:00-19:00","平日","中華路1段與中華路1段284巷口","往東","3","2","9"
"10018","1080918","07:00-08:00","平日","中華路1段與中華路1段284巷口","往南","18","1074","2"
"10018","1080918","08:00-09:00","平日","中華路1段與中華路1段284巷口","往南","47","1212","5"
"10018","1080918","17:00-18:00","平日","中華路1段與中華路1段284巷口","往南","17","1236","7"
"10018","1080918","18:00-19:00","平日","中華路1段與中華路1段284巷口","往南","16","1392","9"
"10018","1080918","07:00-08:00","平日","中華路1段與中華路1段284巷口","往西","20","3","18"
"10018","1080918","08:00-09:00","平日","中華路1段與中華路1段284巷口","往西","40","5","29"
"10018","1080918","17:00-18:00","平日","中華路1段與中華路1段284巷口","往西","33","5","25"
"10018","1080918","18:00-19:00","平日","中華路1段與中華路1段284巷口","往西","34","6","32"
"10018","1080921","12:00-13:00","假日","中華路1段與中華路1段284巷口","往北","3","1063","30"
"10018","1080921","13:00-14:00","假日","中華路1段與中華路1段284巷口","往北","4","1179","19"
"10018","1080921","17:00-18:00","假日","中華路1段與中華路1段284巷口","往北","4","1603","46"
"10018","1080921","18:00-19:00","假日","中華路1段與中華路1段284巷口","往北","2","1456","47"
"10018","1080921","12:00-13:00","假日","中華路1段與中華路1段284巷口","往東","3","5","5"
"10018","1080921","13:00-14:00","假日","中華路1段與中華路1段284巷口","往東","5","2","6"
"10018","1080921","17:00-18:00","假日","中華路1段與中華路1段284巷口","往東","2","3","8"
"10018","1080921","18:00-19:00","假日","中華路1段與中華路1段284巷口","往東","0","5","2"
"10018","1080921","12:00-13:00","假日","中華路1段與中華路1段284巷口","往南","8","1042","4"
"10018","1080921","13:00-14:00","假日","中華路1段與中華路1段284巷口","往南","13","1135","1"
"10018","1080921","17:00-18:00","假日","中華路1段與中華路1段284巷口","往南","5","999","4"
"10018","1080921","18:00-19:00","假日","中華路1段與中華路1段284巷口","往南","12","872","4"
"10018","1080921","12:00-13:00","假日","中華路1段與中華路1段284巷口","往西","14","1","7"
"10018","1080921","13:00-14:00","假日","中華路1段與中華路1段284巷口","往西","11","2","4"
"10018","1080921","17:00-18:00","假日","中華路1段與中華路1段284巷口","往西","13","3","11"
"10018","1080921","18:00-19:00","假日","中華路1段與中華路1段284巷口","往西","12","3","9"
"10018","1080918","07:00-08:00","平日","中華路1段與中華路1段342巷口","往北","7","1659","0"
"10018","1080918","08:00-09:00","平日","中華路1段與中華路1段342巷口","往北","12","1552","0"
"10018","1080918","17:00-18:00","平日","中華路1段與中華路1段342巷口","往北","2","1429","0"
"10018","1080918","18:00-19:00","平日","中華路1段與中華路1段342巷口","往北","6","1369","0"
"10018","1080918","07:00-08:00","平日","中華路1段與中華路1段342巷口","往東","9","0","7"
"10018","1080918","08:00-09:00","平日","中華路1段與中華路1段342巷口","往東","15","0","12"
"10018","1080918","17:00-18:00","平日","中華路1段與中華路1段342巷口","往東","7","0","13"
"10018","1080918","18:00-19:00","平日","中華路1段與中華路1段342巷口","往東","6","0","2"
"10018","1080918","07:00-08:00","平日","中華路1段與中華路1段342巷口","往南","0","1134","5"
"10018","1080918","08:00-09:00","平日","中華路1段與中華路1段342巷口","往南","0","1207","12"
"10018","1080918","17:00-18:00","平日","中華路1段與中華路1段342巷口","往南","0","1232","11"
"10018","1080918","18:00-19:00","平日","中華路1段與中華路1段342巷口","往南","0","1446","5"
"10018","1080921","12:00-13:00","假日","中華路1段與中華路1段342巷口","往北","5","1060","0"
"10018","1080921","13:00-14:00","假日","中華路1段與中華路1段342巷口","往北","1","1205","0"
"10018","1080921","17:00-18:00","假日","中華路1段與中華路1段342巷口","往北","3","1699","0"
"10018","1080921","18:00-19:00","假日","中華路1段與中華路1段342巷口","往北","1","1453","0"
"10018","1080921","12:00-13:00","假日","中華路1段與中華路1段342巷口","往東","2","0","4"
"10018","1080921","13:00-14:00","假日","中華路1段與中華路1段342巷口","往東","3","0","10"
"10018","1080921","17:00-18:00","假日","中華路1段與中華路1段342巷口","往東","4","0","2"
"10018","1080921","18:00-19:00","假日","中華路1段與中華路1段342巷口","往東","1","0","3"
"10018","1080921","12:00-13:00","假日","中華路1段與中華路1段342巷口","往南","0","1023","4"
"10018","1080921","13:00-14:00","假日","中華路1段與中華路1段342巷口","往南","0","1133","3"
"10018","1080921","17:00-18:00","假日","中華路1段與中華路1段342巷口","往南","0","1055","4"
"10018","1080921","18:00-19:00","假日","中華路1段與中華路1段342巷口","往南","0","853","3"
"10018","1080918","07:00-08:00","平日","中華路1段與公道五路3段路口","往北","45","1693","23"
"10018","1080918","08:00-09:00","平日","中華路1段與公道五路3段路口","往北","71","1703","35"
"10018","1080918","17:00-18:00","平日","中華路1段與公道五路3段路口","往北","44","1429","12"
"10018","1080918","18:00-19:00","平日","中華路1段與公道五路3段路口","往北","59","1307","8"
"10018","1080918","07:00-08:00","平日","中華路1段與公道五路3段路口","往東","38","16","234"
"10018","1080918","08:00-09:00","平日","中華路1段與公道五路3段路口","往東","83","29","170"
"10018","1080918","17:00-18:00","平日","中華路1段與公道五路3段路口","往東","45","10","228"
"10018","1080918","18:00-19:00","平日","中華路1段與公道五路3段路口","往東","43","3","230"
"10018","1080918","07:00-08:00","平日","中華路1段與公道五路3段路口","往南","3","1119","32"
"10018","1080918","08:00-09:00","平日","中華路1段與公道五路3段路口","往南","7","1168","52"
"10018","1080918","17:00-18:00","平日","中華路1段與公道五路3段路口","往南","5","1292","74"
"10018","1080918","18:00-19:00","平日","中華路1段與公道五路3段路口","往南","2","1392","73"
"10018","1080918","07:00-08:00","平日","中華路1段與公道五路3段路口","往西","0","20","2"
"10018","1080918","08:00-09:00","平日","中華路1段與公道五路3段路口","往西","10","17","5"
"10018","1080918","17:00-18:00","平日","中華路1段與公道五路3段路口","往西","25","21","14"
"10018","1080918","18:00-19:00","平日","中華路1段與公道五路3段路口","往西","15","21","22"
"10018","1080921","12:00-13:00","假日","中華路1段與公道五路3段路口","往北","32","1048","11"
"10018","1080921","13:00-14:00","假日","中華路1段與公道五路3段路口","往北","54","1070","14"
"10018","1080921","17:00-18:00","假日","中華路1段與公道五路3段路口","往北","32","1572","7"
"10018","1080921","18:00-19:00","假日","中華路1段與公道五路3段路口","往北","50","1458","6"
"10018","1080921","12:00-13:00","假日","中華路1段與公道五路3段路口","往東","31","1","205"
"10018","1080921","13:00-14:00","假日","中華路1段與公道五路3段路口","往東","35","5","182"
"10018","1080921","17:00-18:00","假日","中華路1段與公道五路3段路口","往東","37","4","223"
"10018","1080921","18:00-19:00","假日","中華路1段與公道五路3段路口","往東","24","1","223"
"10018","1080921","12:00-13:00","假日","中華路1段與公道五路3段路口","往南","0","1030","33"
"10018","1080921","13:00-14:00","假日","中華路1段與公道五路3段路口","往南","0","965","27"
"10018","1080921","17:00-18:00","假日","中華路1段與公道五路3段路口","往南","1","977","33"
"10018","1080921","18:00-19:00","假日","中華路1段與公道五路3段路口","往南","0","838","35"
"10018","1080921","12:00-13:00","假日","中華路1段與公道五路3段路口","往西","9","6","2"
"10018","1080921","13:00-14:00","假日","中華路1段與公道五路3段路口","往西","8","4","2"
"10018","1080921","17:00-18:00","假日","中華路1段與公道五路3段路口","往西","5","14","4"
"10018","1080921","18:00-19:00","假日","中華路1段與公道五路3段路口","往西","0","10","1"
"10018","1080918","07:00-08:00","平日","中華路1段與鐵道路1段路口","往北","79","1656","4"
"10018","1080918","08:00-09:00","平日","中華路1段與鐵道路1段路口","往北","77","1591","6"
"10018","1080918","17:00-18:00","平日","中華路1段與鐵道路1段路口","往北","78","1481","6"
"10018","1080918","18:00-19:00","平日","中華路1段與鐵道路1段路口","往北","87","1271","14"
"10018","1080918","07:00-08:00","平日","中華路1段與鐵道路1段路口","往東","64","33","191"
"10018","1080918","08:00-09:00","平日","中華路1段與鐵道路1段路口","往東","55","29","102"
"10018","1080918","17:00-18:00","平日","中華路1段與鐵道路1段路口","往東","54","29","80"
"10018","1080918","18:00-19:00","平日","中華路1段與鐵道路1段路口","往東","37","55","80"
"10018","1080918","07:00-08:00","平日","中華路1段與鐵道路1段路口","往南","6","1360","89"
"10018","1080918","08:00-09:00","平日","中華路1段與鐵道路1段路口","往南","15","1252","63"
"10018","1080918","17:00-18:00","平日","中華路1段與鐵道路1段路口","往南","5","1569","96"
"10018","1080918","18:00-19:00","平日","中華路1段與鐵道路1段路口","往南","11","1498","94"
"10018","1080918","07:00-08:00","平日","中華路1段與鐵道路1段路口","往西","14","54","34"
"10018","1080918","08:00-09:00","平日","中華路1段與鐵道路1段路口","往西","15","57","28"
"10018","1080918","17:00-18:00","平日","中華路1段與鐵道路1段路口","往西","7","37","15"
"10018","1080918","18:00-19:00","平日","中華路1段與鐵道路1段路口","往西","9","40","22"
"10018","1080921","12:00-13:00","假日","中華路1段與鐵道路1段路口","往北","46","1033","16"
"10018","1080921","13:00-14:00","假日","中華路1段與鐵道路1段路口","往北","40","1080","7"
"10018","1080921","17:00-18:00","假日","中華路1段與鐵道路1段路口","往北","53","1633","13"
"10018","1080921","18:00-19:00","假日","中華路1段與鐵道路1段路口","往北","54","1440","14"
"10018","1080921","12:00-13:00","假日","中華路1段與鐵道路1段路口","往東","23","21","54"
"10018","1080921","13:00-14:00","假日","中華路1段與鐵道路1段路口","往東","21","13","45"
"10018","1080921","17:00-18:00","假日","中華路1段與鐵道路1段路口","往東","21","23","59"
"10018","1080921","18:00-19:00","假日","中華路1段與鐵道路1段路口","往東","16","28","53"
"10018","1080921","12:00-13:00","假日","中華路1段與鐵道路1段路口","往南","3","1145","49"
"10018","1080921","13:00-14:00","假日","中華路1段與鐵道路1段路口","往南","4","1099","35"
"10018","1080921","17:00-18:00","假日","中華路1段與鐵道路1段路口","往南","1","1184","38"
"10018","1080921","18:00-19:00","假日","中華路1段與鐵道路1段路口","往南","1","965","47"
"10018","1080921","12:00-13:00","假日","中華路1段與鐵道路1段路口","往西","16","23","13"
"10018","1080921","13:00-14:00","假日","中華路1段與鐵道路1段路口","往西","11","10","6"
"10018","1080921","17:00-18:00","假日","中華路1段與鐵道路1段路口","往西","15","29","10"
"10018","1080921","18:00-19:00","假日","中華路1段與鐵道路1段路口","往西","18","30","13"
"10018","1080918","07:00-08:00","平日","中華路2段與自由路口","往北","38","1720","13"
"10018","1080918","08:00-09:00","平日","中華路2段與自由路口","往北","21","1553","4"
"10018","1080918","17:00-18:00","平日","中華路2段與自由路口","往北","12","1460","9"
"10018","1080918","18:00-19:00","平日","中華路2段與自由路口","往北","5","1315","7"
"10018","1080918","07:00-08:00","平日","中華路2段與自由路口","往東","70","15","35"
"10018","1080918","08:00-09:00","平日","中華路2段與自由路口","往東","69","14","17"
"10018","1080918","17:00-18:00","平日","中華路2段與自由路口","往東","53","12","39"
"10018","1080918","18:00-19:00","平日","中華路2段與自由路口","往東","48","15","9"
"10018","1080918","07:00-08:00","平日","中華路2段與自由路口","往南","0","1502","105"
"10018","1080918","08:00-09:00","平日","中華路2段與自由路口","往南","7","1252","69"
"10018","1080918","17:00-18:00","平日","中華路2段與自由路口","往南","6","1562","48"
"10018","1080918","18:00-19:00","平日","中華路2段與自由路口","往南","3","1530","59"
"10018","1080918","07:00-08:00","平日","中華路2段與自由路口","往西","16","37","3"
"10018","1080918","08:00-09:00","平日","中華路2段與自由路口","往西","20","25","8"
"10018","1080918","17:00-18:00","平日","中華路2段與自由路口","往西","24","18","10"
"10018","1080918","18:00-19:00","平日","中華路2段與自由路口","往西","12","19","4"
"10018","1080921","12:00-13:00","假日","中華路2段與自由路口","往北","10","1035","0"
"10018","1080921","13:00-14:00","假日","中華路2段與自由路口","往北","24","1100","7"
"10018","1080921","17:00-18:00","假日","中華路2段與自由路口","往北","17","1728","0"
"10018","1080921","18:00-19:00","假日","中華路2段與自由路口","往北","13","1432","0"
"10018","1080921","12:00-13:00","假日","中華路2段與自由路口","往東","37","4","24"
"10018","1080921","13:00-14:00","假日","中華路2段與自由路口","往東","35","5","25"
"10018","1080921","17:00-18:00","假日","中華路2段與自由路口","往東","33","7","20"
"10018","1080921","18:00-19:00","假日","中華路2段與自由路口","往東","33","5","25"
"10018","1080921","12:00-13:00","假日","中華路2段與自由路口","往南","4","1187","23"
"10018","1080921","13:00-14:00","假日","中華路2段與自由路口","往南","1","1113","26"
"10018","1080921","17:00-18:00","假日","中華路2段與自由路口","往南","8","1261","33"
"10018","1080921","18:00-19:00","假日","中華路2段與自由路口","往南","8","976","27"
"10018","1080921","12:00-13:00","假日","中華路2段與自由路口","往西","8","14","0"
"10018","1080921","13:00-14:00","假日","中華路2段與自由路口","往西","9","12","1"
"10018","1080921","17:00-18:00","假日","中華路2段與自由路口","往西","8","19","3"
"10018","1080921","18:00-19:00","假日","中華路2段與自由路口","往西","12","19","5"
"10018","1080918","07:00-08:00","平日","中華路2段與民主路口","往北","49","1718","0"
"10018","1080918","08:00-09:00","平日","中華路2段與民主路口","往北","26","1437","0"
"10018","1080918","17:00-18:00","平日","中華路2段與民主路口","往北","56","1342","0"
"10018","1080918","18:00-19:00","平日","中華路2段與民主路口","往北","58","1230","0"
"10018","1080918","07:00-08:00","平日","中華路2段與民主路口","往東","139","0","45"
"10018","1080918","08:00-09:00","平日","中華路2段與民主路口","往東","123","0","37"
"10018","1080918","17:00-18:00","平日","中華路2段與民主路口","往東","120","0","49"
"10018","1080918","18:00-19:00","平日","中華路2段與民主路口","往東","112","0","49"
"10018","1080918","07:00-08:00","平日","中華路2段與民主路口","往南","0","1442","166"
"10018","1080918","08:00-09:00","平日","中華路2段與民主路口","往南","0","1148","113"
"10018","1080918","17:00-18:00","平日","中華路2段與民主路口","往南","0","1401","202"
"10018","1080918","18:00-19:00","平日","中華路2段與民主路口","往南","0","1406","164"
"10018","1080921","12:00-13:00","假日","中華路2段與民主路口","往北","44","959","0"
"10018","1080921","13:00-14:00","假日","中華路2段與民主路口","往北","44","1106","0"
"10018","1080921","17:00-18:00","假日","中華路2段與民主路口","往北","49","1728","0"
"10018","1080921","18:00-19:00","假日","中華路2段與民主路口","往北","35","1341","0"
"10018","1080921","12:00-13:00","假日","中華路2段與民主路口","往東","78","0","60"
"10018","1080921","13:00-14:00","假日","中華路2段與民主路口","往東","41","0","39"
"10018","1080921","17:00-18:00","假日","中華路2段與民主路口","往東","97","0","58"
"10018","1080921","18:00-19:00","假日","中華路2段與民主路口","往東","76","0","46"
"10018","1080921","12:00-13:00","假日","中華路2段與民主路口","往南","0","1025","173"
"10018","1080921","13:00-14:00","假日","中華路2段與民主路口","往南","0","1103","167"
"10018","1080921","17:00-18:00","假日","中華路2段與民主路口","往南","0","1202","133"
"10018","1080921","18:00-19:00","假日","中華路2段與民主路口","往南","0","879","114"
"10018","1080918","07:00-08:00","平日","中華路2段與民生路口","往北","140","1609","0"
"10018","1080918","08:00-09:00","平日","中華路2段與民生路口","往北","144","1241","0"
"10018","1080918","17:00-18:00","平日","中華路2段與民生路口","往北","189","1146","0"
"10018","1080918","18:00-19:00","平日","中華路2段與民生路口","往北","231","1145","0"
"10018","1080918","07:00-08:00","平日","中華路2段與民生路口","往東","214","0","71"
"10018","1080918","08:00-09:00","平日","中華路2段與民生路口","往東","196","0","75"
"10018","1080918","17:00-18:00","平日","中華路2段與民生路口","往東","219","0","94"
"10018","1080918","18:00-19:00","平日","中華路2段與民生路口","往東","162","0","77"
"10018","1080918","07:00-08:00","平日","中華路2段與民生路口","往南","0","1355","192"
"10018","1080918","08:00-09:00","平日","中華路2段與民生路口","往南","0","969","197"
"10018","1080918","17:00-18:00","平日","中華路2段與民生路口","往南","0","1235","164"
"10018","1080918","18:00-19:00","平日","中華路2段與民生路口","往南","0","1313","189"
"10018","1080921","12:00-13:00","假日","中華路2段與民生路口","往北","213","864","0"
"10018","1080921","13:00-14:00","假日","中華路2段與民生路口","往北","201","1067","0"
"10018","1080921","17:00-18:00","假日","中華路2段與民生路口","往北","202","1675","0"
"10018","1080921","18:00-19:00","假日","中華路2段與民生路口","往北","196","1199","0"
"10018","1080921","12:00-13:00","假日","中華路2段與民生路口","往東","116","0","95"
"10018","1080921","13:00-14:00","假日","中華路2段與民生路口","往東","128","0","82"
"10018","1080921","17:00-18:00","假日","中華路2段與民生路口","往東","172","0","77"
"10018","1080921","18:00-19:00","假日","中華路2段與民生路口","往東","149","0","81"
"10018","1080921","12:00-13:00","假日","中華路2段與民生路口","往南","0","900","164"
"10018","1080921","13:00-14:00","假日","中華路2段與民生路口","往南","0","958","145"
"10018","1080921","17:00-18:00","假日","中華路2段與民生路口","往南","0","1172","140"
"10018","1080921","18:00-19:00","假日","中華路2段與民生路口","往南","0","768","156"
"10018","1080918","07:00-08:00","平日","中華路2段與中華路2段162巷口","往北","44","1739","0"
"10018","1080918","08:00-09:00","平日","中華路2段與中華路2段162巷口","往北","61","1631","0"
"10018","1080918","17:00-18:00","平日","中華路2段與中華路2段162巷口","往北","29","1581","0"
"10018","1080918","18:00-19:00","平日","中華路2段與中華路2段162巷口","往北","41","1401","0"
"10018","1080918","07:00-08:00","平日","中華路2段與中華路2段162巷口","往東","3","0","15"
"10018","1080918","08:00-09:00","平日","中華路2段與中華路2段162巷口","往東","16","0","16"
"10018","1080918","17:00-18:00","平日","中華路2段與中華路2段162巷口","往東","16","0","14"
"10018","1080918","18:00-19:00","平日","中華路2段與中華路2段162巷口","往東","15","0","21"
"10018","1080918","07:00-08:00","平日","中華路2段與中華路2段162巷口","往南","0","1141","60"
"10018","1080918","08:00-09:00","平日","中華路2段與中華路2段162巷口","往南","0","911","70"
"10018","1080918","17:00-18:00","平日","中華路2段與中華路2段162巷口","往南","0","1345","51"
"10018","1080918","18:00-19:00","平日","中華路2段與中華路2段162巷口","往南","0","1336","44"
"10018","1080921","12:00-13:00","假日","中華路2段與中華路2段162巷口","往北","39","1199","0"
"10018","1080921","13:00-14:00","假日","中華路2段與中華路2段162巷口","往北","81","1240","0"
"10018","1080921","17:00-18:00","假日","中華路2段與中華路2段162巷口","往北","36","1780","0"
"10018","1080921","18:00-19:00","假日","中華路2段與中華路2段162巷口","往北","31","1595","0"
"10018","1080921","12:00-13:00","假日","中華路2段與中華路2段162巷口","往東","32","0","25"
"10018","1080921","13:00-14:00","假日","中華路2段與中華路2段162巷口","往東","26","0","32"
"10018","1080921","17:00-18:00","假日","中華路2段與中華路2段162巷口","往東","10","0","14"
"10018","1080921","18:00-19:00","假日","中華路2段與中華路2段162巷口","往東","16","0","18"
"10018","1080921","12:00-13:00","假日","中華路2段與中華路2段162巷口","往南","0","1097","40"
"10018","1080921","13:00-14:00","假日","中華路2段與中華路2段162巷口","往南","0","994","46"
"10018","1080921","17:00-18:00","假日","中華路2段與中華路2段162巷口","往南","0","1067","56"
"10018","1080921","18:00-19:00","假日","中華路2段與中華路2段162巷口","往南","0","937","55"
"10018","1080918","07:00-08:00","平日","中華路2段與民權路口","往北","29","980","182"
"10018","1080918","08:00-09:00","平日","中華路2段與民權路口","往北","25","893","142"
"10018","1080918","17:00-18:00","平日","中華路2段與民權路口","往北","28","877","168"
"10018","1080918","18:00-19:00","平日","中華路2段與民權路口","往北","37","745","172"
"10018","1080918","07:00-08:00","平日","中華路2段與民權路口","往東","90","0","143"
"10018","1080918","08:00-09:00","平日","中華路2段與民權路口","往東","53","0","84"
"10018","1080918","17:00-18:00","平日","中華路2段與民權路口","往東","128","0","126"
"10018","1080918","18:00-19:00","平日","中華路2段與民權路口","往東","104","0","98"
"10018","1080918","07:00-08:00","平日","中華路2段與民權路口","往南","0","1122","111"
"10018","1080918","08:00-09:00","平日","中華路2段與民權路口","往南","0","973","97"
"10018","1080918","17:00-18:00","平日","中華路2段與民權路口","往南","0","1276","130"
"10018","1080918","18:00-19:00","平日","中華路2段與民權路口","往南","0","1268","145"
"10018","1080918","07:00-08:00","平日","中華路2段與民權路口","往西","333","274","646"
"10018","1080918","08:00-09:00","平日","中華路2段與民權路口","往西","316","262","630"
"10018","1080918","17:00-18:00","平日","中華路2段與民權路口","往西","316","262","416"
"10018","1080918","18:00-19:00","平日","中華路2段與民權路口","往西","256","244","486"
"10018","1080921","12:00-13:00","假日","中華路2段與民權路口","往北","56","723","48"
"10018","1080921","13:00-14:00","假日","中華路2段與民權路口","往北","34","722","79"
"10018","1080921","17:00-18:00","假日","中華路2段與民權路口","往北","51","1006","105"
"10018","1080921","18:00-19:00","假日","中華路2段與民權路口","往北","56","928","113"
"10018","1080921","12:00-13:00","假日","中華路2段與民權路口","往東","103","0","78"
"10018","1080921","13:00-14:00","假日","中華路2段與民權路口","往東","105","0","101"
"10018","1080921","17:00-18:00","假日","中華路2段與民權路口","往東","213","0","153"
"10018","1080921","18:00-19:00","假日","中華路2段與民權路口","往東","191","0","132"
"10018","1080921","12:00-13:00","假日","中華路2段與民權路口","往南","0","1042","138"
"10018","1080921","13:00-14:00","假日","中華路2段與民權路口","往南","0","947","121"
"10018","1080921","17:00-18:00","假日","中華路2段與民權路口","往南","0","979","145"
"10018","1080921","18:00-19:00","假日","中華路2段與民權路口","往南","0","902","115"
"10018","1080921","12:00-13:00","假日","中華路2段與民權路口","往西","409","329","351"
"10018","1080921","13:00-14:00","假日","中華路2段與民權路口","往西","368","312","391"
"10018","1080921","17:00-18:00","假日","中華路2段與民權路口","往西","480","393","387"
"10018","1080921","18:00-19:00","假日","中華路2段與民權路口","往西","470","325","333"
"10018","1080918","07:00-08:00","平日","中華路2段與東大路1段及東門街口","往東","217","221","28"
"10018","1080918","08:00-09:00","平日","中華路2段與東大路1段及東門街口","往東","166","225","15"
"10018","1080918","17:00-18:00","平日","中華路2段與東大路1段及東門街口","往東","304","253","16"
"10018","1080918","18:00-19:00","平日","中華路2段與東大路1段及東門街口","往東","249","240","23"
"10018","1080918","07:00-08:00","平日","中華路2段與東大路1段及東門街口","往東南","55","323","33"
"10018","1080918","08:00-09:00","平日","中華路2段與東大路1段及東門街口","往東南","34","334","31"
"10018","1080918","17:00-18:00","平日","中華路2段與東大路1段及東門街口","往東南","59","256","82"
"10018","1080918","18:00-19:00","平日","中華路2段與東大路1段及東門街口","往東南","67","274","73"
"10018","1080918","07:00-08:00","平日","中華路2段與東大路1段及東門街口","往西南","703","814","72"
"10018","1080918","08:00-09:00","平日","中華路2段與東大路1段及東門街口","往西南","578","771","53"
"10018","1080918","17:00-18:00","平日","中華路2段與東大路1段及東門街口","往西南","726","1000","58"
"10018","1080918","18:00-19:00","平日","中華路2段與東大路1段及東門街口","往西南","838","1010","65"
"10018","1080918","07:00-08:00","平日","中華路2段與東大路1段及東門街口","往西北","142","41","56"
"10018","1080918","08:00-09:00","平日","中華路2段與東大路1段及東門街口","往西北","160","38","52"
"10018","1080918","17:00-18:00","平日","中華路2段與東大路1段及東門街口","往西北","192","44","20"
"10018","1080918","18:00-19:00","平日","中華路2段與東大路1段及東門街口","往西北","153","54","20"
"10018","1080918","07:00-08:00","平日","中華路2段與東大路1段及東門街口","往東北","30","948","166"
"10018","1080918","08:00-09:00","平日","中華路2段與東大路1段及東門街口","往東北","27","817","172"
"10018","1080918","17:00-18:00","平日","中華路2段與東大路1段及東門街口","往東北","36","733","157"
"10018","1080918","18:00-19:00","平日","中華路2段與東大路1段及東門街口","往東北","52","645","128"
"10018","1080921","12:00-13:00","假日","中華路2段與東大路1段及東門街口","往東","315","173","52"
"10018","1080921","13:00-14:00","假日","中華路2段與東大路1段及東門街口","往東","307","283","55"
"10018","1080921","17:00-18:00","假日","中華路2段與東大路1段及東門街口","往東","428","267","56"
"10018","1080921","18:00-19:00","假日","中華路2段與東大路1段及東門街口","往東","414","240","52"
"10018","1080921","12:00-13:00","假日","中華路2段與東大路1段及東門街口","往東南","91","184","87"
"10018","1080921","13:00-14:00","假日","中華路2段與東大路1段及東門街口","往東南","66","197","64"
"10018","1080921","17:00-18:00","假日","中華路2段與東大路1段及東門街口","往東南","88","249","116"
"10018","1080921","18:00-19:00","假日","中華路2段與東大路1段及東門街口","往東南","77","234","70"
"10018","1080921","12:00-13:00","假日","中華路2段與東大路1段及東門街口","往西南","835","715","52"
"10018","1080921","13:00-14:00","假日","中華路2段與東大路1段及東門街口","往西南","790","788","46"
"10018","1080921","17:00-18:00","假日","中華路2段與東大路1段及東門街口","往西南","817","760","70"
"10018","1080921","18:00-19:00","假日","中華路2段與東大路1段及東門街口","往西南","679","751","66"
"10018","1080921","12:00-13:00","假日","中華路2段與東大路1段及東門街口","往西北","155","45","11"
"10018","1080921","13:00-14:00","假日","中華路2段與東大路1段及東門街口","往西北","130","22","17"
"10018","1080921","17:00-18:00","假日","中華路2段與東大路1段及東門街口","往西北","216","47","19"
"10018","1080921","18:00-19:00","假日","中華路2段與東大路1段及東門街口","往西北","167","36","10"
"10018","1080921","12:00-13:00","假日","中華路2段與東大路1段及東門街口","往東北","53","506","104"
"10018","1080921","13:00-14:00","假日","中華路2段與東大路1段及東門街口","往東北","60","543","110"
"10018","1080921","17:00-18:00","假日","中華路2段與東大路1段及東門街口","往東北","60","688","162"
"10018","1080921","18:00-19:00","假日","中華路2段與東大路1段及東門街口","往東北","37","680","149"
"10018","1080918","07:00-08:00","平日","中華路2段與中正路口","往北","76","1016","0"
"10018","1080918","08:00-09:00","平日","中華路2段與中正路口","往北","69","930","0"
"10018","1080918","17:00-18:00","平日","中華路2段與中正路口","往北","64","814","0"
"10018","1080918","18:00-19:00","平日","中華路2段與中正路口","往北","84","694","0"
"10018","1080918","07:00-08:00","平日","中華路2段與中正路口","往東","46","0","158"
"10018","1080918","08:00-09:00","平日","中華路2段與中正路口","往東","52","0","152"
"10018","1080918","17:00-18:00","平日","中華路2段與中正路口","往東","80","0","267"
"10018","1080918","18:00-19:00","平日","中華路2段與中正路口","往東","82","0","261"
"10018","1080918","07:00-08:00","平日","中華路2段與中正路口","往南","0","769","33"
"10018","1080918","08:00-09:00","平日","中華路2段與中正路口","往南","0","801","42"
"10018","1080918","17:00-18:00","平日","中華路2段與中正路口","往南","0","1009","120"
"10018","1080918","18:00-19:00","平日","中華路2段與中正路口","往南","0","1003","70"
"10018","1080918","07:00-08:00","平日","中華路2段與中正路口","往西","52","46","46"
"10018","1080918","08:00-09:00","平日","中華路2段與中正路口","往西","45","41","27"
"10018","1080918","17:00-18:00","平日","中華路2段與中正路口","往西","64","73","40"
"10018","1080918","18:00-19:00","平日","中華路2段與中正路口","往西","84","91","37"
"10018","1080921","12:00-13:00","假日","中華路2段與中正路口","往北","170","499","0"
"10018","1080921","13:00-14:00","假日","中華路2段與中正路口","往北","155","509","0"
"10018","1080921","17:00-18:00","假日","中華路2段與中正路口","往北","125","681","0"
"10018","1080921","18:00-19:00","假日","中華路2段與中正路口","往北","112","632","0"
"10018","1080921","12:00-13:00","假日","中華路2段與中正路口","往東","92","0","342"
"10018","1080921","13:00-14:00","假日","中華路2段與中正路口","往東","86","0","304"
"10018","1080921","17:00-18:00","假日","中華路2段與中正路口","往東","146","0","451"
"10018","1080921","18:00-19:00","假日","中華路2段與中正路口","往東","131","0","444"
"10018","1080921","12:00-13:00","假日","中華路2段與中正路口","往南","0","693","147"
"10018","1080921","13:00-14:00","假日","中華路2段與中正路口","往南","0","714","196"
"10018","1080921","17:00-18:00","假日","中華路2段與中正路口","往南","0","765","157"
"10018","1080921","18:00-19:00","假日","中華路2段與中正路口","往南","0","705","133"
"10018","1080921","12:00-13:00","假日","中華路2段與中正路口","往西","79","106","54"
"10018","1080921","13:00-14:00","假日","中華路2段與中正路口","往西","58","66","52"
"10018","1080921","17:00-18:00","假日","中華路2段與中正路口","往西","92","120","90"
"10018","1080921","18:00-19:00","假日","中華路2段與中正路口","往西","144","108","77"
"10018","1080918","07:00-08:00","平日","中華路2段與林森路口","往北","4","913","63"
"10018","1080918","08:00-09:00","平日","中華路2段與林森路口","往北","10","818","55"
"10018","1080918","17:00-18:00","平日","中華路2段與林森路口","往北","12","621","87"
"10018","1080918","18:00-19:00","平日","中華路2段與林森路口","往北","14","549","94"
"10018","1080918","07:00-08:00","平日","中華路2段與林森路口","往東","186","56","27"
"10018","1080918","08:00-09:00","平日","中華路2段與林森路口","往東","189","55","49"
"10018","1080918","17:00-18:00","平日","中華路2段與林森路口","往東","262","77","55"
"10018","1080918","18:00-19:00","平日","中華路2段與林森路口","往東","251","102","70"
"10018","1080918","07:00-08:00","平日","中華路2段與林森路口","往南","0","663","313"
"10018","1080918","08:00-09:00","平日","中華路2段與林森路口","往南","0","632","359"
"10018","1080918","17:00-18:00","平日","中華路2段與林森路口","往南","0","839","506"
"10018","1080918","18:00-19:00","平日","中華路2段與林森路口","往南","0","827","506"
"10018","1080918","07:00-08:00","平日","中華路2段與林森路口","往西","0","0","0"
"10018","1080918","08:00-09:00","平日","中華路2段與林森路口","往西","0","0","0"
"10018","1080918","17:00-18:00","平日","中華路2段與林森路口","往西","0","0","0"
"10018","1080918","18:00-19:00","平日","中華路2段與林森路口","往西","0","0","0"
"10018","1080921","12:00-13:00","假日","中華路2段與林森路口","往北","28","468","79"
"10018","1080921","13:00-14:00","假日","中華路2段與林森路口","往北","20","403","73"
"10018","1080921","17:00-18:00","假日","中華路2段與林森路口","往北","28","517","130"
"10018","1080921","18:00-19:00","假日","中華路2段與林森路口","往北","17","493","126"
"10018","1080921","12:00-13:00","假日","中華路2段與林森路口","往東","225","119","72"
"10018","1080921","13:00-14:00","假日","中華路2段與林森路口","往東","259","97","53"
"10018","1080921","17:00-18:00","假日","中華路2段與林森路口","往東","277","187","60"
"10018","1080921","18:00-19:00","假日","中華路2段與林森路口","往東","283","187","72"
"10018","1080921","12:00-13:00","假日","中華路2段與林森路口","往南","0","544","549"
"10018","1080921","13:00-14:00","假日","中華路2段與林森路口","往南","0","536","518"
"10018","1080921","17:00-18:00","假日","中華路2段與林森路口","往南","0","675","656"
"10018","1080921","18:00-19:00","假日","中華路2段與林森路口","往南","0","657","607"
"10018","1080921","12:00-13:00","假日","中華路2段與林森路口","往西","0","0","0"
"10018","1080921","13:00-14:00","假日","中華路2段與林森路口","往西","0","0","0"
"10018","1080921","17:00-18:00","假日","中華路2段與林森路口","往西","0","0","0"
"10018","1080921","18:00-19:00","假日","中華路2段與林森路口","往西","0","0","0"
"10018","1080918","07:00-08:00","平日","中華路2段與武昌街口","往北","0","914","223"
"10018","1080918","08:00-09:00","平日","中華路2段與武昌街口","往北","0","776","182"
"10018","1080918","17:00-18:00","平日","中華路2段與武昌街口","往北","1","625","156"
"10018","1080918","18:00-19:00","平日","中華路2段與武昌街口","往北","0","558","133"
"10018","1080918","07:00-08:00","平日","中華路2段與武昌街口","往東","7","130","11"
"10018","1080918","08:00-09:00","平日","中華路2段與武昌街口","往東","12","125","10"
"10018","1080918","17:00-18:00","平日","中華路2段與武昌街口","往東","24","174","19"
"10018","1080918","18:00-19:00","平日","中華路2段與武昌街口","往東","32","153","21"
"10018","1080918","07:00-08:00","平日","中華路2段與武昌街口","往南","92","545","1"
"10018","1080918","08:00-09:00","平日","中華路2段與武昌街口","往南","82","572","0"
"10018","1080918","17:00-18:00","平日","中華路2段與武昌街口","往南","129","716","2"
"10018","1080918","18:00-19:00","平日","中華路2段與武昌街口","往南","128","729","0"
"10018","1080918","07:00-08:00","平日","中華路2段與武昌街口","往西","183","0","126"
"10018","1080918","08:00-09:00","平日","中華路2段與武昌街口","往西","198","1","98"
"10018","1080918","17:00-18:00","平日","中華路2段與武昌街口","往西","201","0","93"
"10018","1080918","18:00-19:00","平日","中華路2段與武昌街口","往西","179","1","106"
"10018","1080921","12:00-13:00","假日","中華路2段與武昌街口","往北","0","461","110"
"10018","1080921","13:00-14:00","假日","中華路2段與武昌街口","往北","0","439","71"
"10018","1080921","17:00-18:00","假日","中華路2段與武昌街口","往北","0","536","113"
"10018","1080921","18:00-19:00","假日","中華路2段與武昌街口","往北","0","541","106"
"10018","1080921","12:00-13:00","假日","中華路2段與武昌街口","往東","28","137","19"
"10018","1080921","13:00-14:00","假日","中華路2段與武昌街口","往東","25","73","6"
"10018","1080921","17:00-18:00","假日","中華路2段與武昌街口","往東","19","143","25"
"10018","1080921","18:00-19:00","假日","中華路2段與武昌街口","往東","19","117","17"
"10018","1080921","12:00-13:00","假日","中華路2段與武昌街口","往南","68","486","3"
"10018","1080921","13:00-14:00","假日","中華路2段與武昌街口","往南","46","496","1"
"10018","1080921","17:00-18:00","假日","中華路2段與武昌街口","往南","74","614","1"
"10018","1080921","18:00-19:00","假日","中華路2段與武昌街口","往南","80","642","0"
"10018","1080921","12:00-13:00","假日","中華路2段與武昌街口","往西","215","0","98"
"10018","1080921","13:00-14:00","假日","中華路2段與武昌街口","往西","123","1","75"
"10018","1080921","17:00-18:00","假日","中華路2段與武昌街口","往西","175","1","97"
"10018","1080921","18:00-19:00","假日","中華路2段與武昌街口","往西","167","0","75"
"10018","1080918","07:00-08:00","平日","中華路2段與與南外街口","往北","1","1125","57"
"10018","1080918","08:00-09:00","平日","中華路2段與與南外街口","往北","2","921","59"
"10018","1080918","17:00-18:00","平日","中華路2段與與南外街口","往北","6","765","39"
"10018","1080918","18:00-19:00","平日","中華路2段與與南外街口","往北","5","731","32"
"10018","1080918","07:00-08:00","平日","中華路2段與與南外街口","往東","12","24","7"
"10018","1080918","08:00-09:00","平日","中華路2段與與南外街口","往東","11","21","6"
"10018","1080918","17:00-18:00","平日","中華路2段與與南外街口","往東","21","26","4"
"10018","1080918","18:00-19:00","平日","中華路2段與與南外街口","往東","10","25","10"
"10018","1080918","07:00-08:00","平日","中華路2段與與南外街口","往南","18","636","21"
"10018","1080918","08:00-09:00","平日","中華路2段與與南外街口","往南","15","663","22"
"10018","1080918","17:00-18:00","平日","中華路2段與與南外街口","往南","25","822","25"
"10018","1080918","18:00-19:00","平日","中華路2段與與南外街口","往南","16","834","18"
"10018","1080918","07:00-08:00","平日","中華路2段與與南外街口","往西","33","36","47"
"10018","1080918","08:00-09:00","平日","中華路2段與與南外街口","往西","30","30","36"
"10018","1080918","17:00-18:00","平日","中華路2段與與南外街口","往西","46","47","27"
"10018","1080918","18:00-19:00","平日","中華路2段與與南外街口","往西","43","50","29"
"10018","1080921","12:00-13:00","假日","中華路2段與與南外街口","往北","1","509","20"
"10018","1080921","13:00-14:00","假日","中華路2段與與南外街口","往北","1","476","18"
"10018","1080921","17:00-18:00","假日","中華路2段與與南外街口","往北","2","595","19"
"10018","1080921","18:00-19:00","假日","中華路2段與與南外街口","往北","3","575","23"
"10018","1080921","12:00-13:00","假日","中華路2段與與南外街口","往東","4","27","4"
"10018","1080921","13:00-14:00","假日","中華路2段與與南外街口","往東","4","13","4"
"10018","1080921","17:00-18:00","假日","中華路2段與與南外街口","往東","5","20","4"
"10018","1080921","18:00-19:00","假日","中華路2段與與南外街口","往東","5","16","6"
"10018","1080921","12:00-13:00","假日","中華路2段與與南外街口","往南","16","432","9"
"10018","1080921","13:00-14:00","假日","中華路2段與與南外街口","往南","15","453","12"
"10018","1080921","17:00-18:00","假日","中華路2段與與南外街口","往南","21","595","18"
"10018","1080921","18:00-19:00","假日","中華路2段與與南外街口","往南","17","568","18"
"10018","1080921","12:00-13:00","假日","中華路2段與與南外街口","往西","28","33","18"
"10018","1080921","13:00-14:00","假日","中華路2段與與南外街口","往西","9","20","21"
"10018","1080921","17:00-18:00","假日","中華路2段與與南外街口","往西","19","36","21"
"10018","1080921","18:00-19:00","假日","中華路2段與與南外街口","往西","12","24","18"
"10018","1080918","07:00-08:00","平日","中華路2段與中華路695巷口","往北","9","1171","19"
"10018","1080918","08:00-09:00","平日","中華路2段與中華路695巷口","往北","17","902","23"
"10018","1080918","17:00-18:00","平日","中華路2段與中華路695巷口","往北","4","761","19"
"10018","1080918","18:00-19:00","平日","中華路2段與中華路695巷口","往北","16","728","13"
"10018","1080918","07:00-08:00","平日","中華路2段與中華路695巷口","往東","1","0","6"
"10018","1080918","08:00-09:00","平日","中華路2段與中華路695巷口","往東","6","1","7"
"10018","1080918","17:00-18:00","平日","中華路2段與中華路695巷口","往東","17","0","17"
"10018","1080918","18:00-19:00","平日","中華路2段與中華路695巷口","往東","8","1","8"
"10018","1080918","07:00-08:00","平日","中華路2段與中華路695巷口","往南","4","681","5"
"10018","1080918","08:00-09:00","平日","中華路2段與中華路695巷口","往南","7","649","29"
"10018","1080918","17:00-18:00","平日","中華路2段與中華路695巷口","往南","5","826","17"
"10018","1080918","18:00-19:00","平日","中華路2段與中華路695巷口","往南","3","852","25"
"10018","1080918","07:00-08:00","平日","中華路2段與中華路695巷口","往西","15","0","1"
"10018","1080918","08:00-09:00","平日","中華路2段與中華路695巷口","往西","10","0","4"
"10018","1080918","17:00-18:00","平日","中華路2段與中華路695巷口","往西","17","0","4"
"10018","1080918","18:00-19:00","平日","中華路2段與中華路695巷口","往西","9","0","2"
"10018","1080921","12:00-13:00","假日","中華路2段與中華路695巷口","往北","5","513","13"
"10018","1080921","13:00-14:00","假日","中華路2段與中華路695巷口","往北","2","561","10"
"10018","1080921","17:00-18:00","假日","中華路2段與中華路695巷口","往北","5","614","9"
"10018","1080921","18:00-19:00","假日","中華路2段與中華路695巷口","往北","6","569","6"
"10018","1080921","12:00-13:00","假日","中華路2段與中華路695巷口","往東","6","0","6"
"10018","1080921","13:00-14:00","假日","中華路2段與中華路695巷口","往東","11","0","13"
"10018","1080921","17:00-18:00","假日","中華路2段與中華路695巷口","往東","6","0","4"
"10018","1080921","18:00-19:00","假日","中華路2段與中華路695巷口","往東","8","1","6"
"10018","1080921","12:00-13:00","假日","中華路2段與中華路695巷口","往南","3","452","11"
"10018","1080921","13:00-14:00","假日","中華路2段與中華路695巷口","往南","3","587","5"
"10018","1080921","17:00-18:00","假日","中華路2段與中華路695巷口","往南","4","624","3"
"10018","1080921","18:00-19:00","假日","中華路2段與中華路695巷口","往南","3","559","4"
"10018","1080921","12:00-13:00","假日","中華路2段與中華路695巷口","往西","8","0","2"
"10018","1080921","13:00-14:00","假日","中華路2段與中華路695巷口","往西","5","0","1"
"10018","1080921","17:00-18:00","假日","中華路2段與中華路695巷口","往西","5","0","0"
"10018","1080921","18:00-19:00","假日","中華路2段與中華路695巷口","往西","7","0","3"
"10018","1080918","07:00-08:00","平日","中華路3段與四維路口及振興路橋","往北","30","1042","2"
"10018","1080918","08:00-09:00","平日","中華路3段與四維路口及振興路橋","往北","44","901","17"
"10018","1080918","17:00-18:00","平日","中華路3段與四維路口及振興路橋","往北","51","692","2"
"10018","1080918","18:00-19:00","平日","中華路3段與四維路口及振興路橋","往北","39","645","3"
"10018","1080918","07:00-08:00","平日","中華路3段與四維路口及振興路橋","往東","73","3","27"
"10018","1080918","08:00-09:00","平日","中華路3段與四維路口及振興路橋","往東","82","21","56"
"10018","1080918","17:00-18:00","平日","中華路3段與四維路口及振興路橋","往東","72","4","52"
"10018","1080918","18:00-19:00","平日","中華路3段與四維路口及振興路橋","往東","62","10","56"
"10018","1080918","07:00-08:00","平日","中華路3段與四維路口及振興路橋","往南","4","563","50"
"10018","1080918","08:00-09:00","平日","中華路3段與四維路口及振興路橋","往南","29","498","70"
"10018","1080918","17:00-18:00","平日","中華路3段與四維路口及振興路橋","往南","4","761","90"
"10018","1080918","18:00-19:00","平日","中華路3段與四維路口及振興路橋","往南","3","750","105"
"10018","1080918","07:00-08:00","平日","中華路3段與四維路口及振興路橋","往西","0","2","1"
"10018","1080918","08:00-09:00","平日","中華路3段與四維路口及振興路橋","往西","2","5","4"
"10018","1080918","17:00-18:00","平日","中華路3段與四維路口及振興路橋","往西","3","9","7"
"10018","1080918","18:00-19:00","平日","中華路3段與四維路口及振興路橋","往西","5","10","9"
"10018","1080921","12:00-13:00","假日","中華路3段與四維路口及振興路橋","往北","25","465","4"
"10018","1080921","13:00-14:00","假日","中華路3段與四維路口及振興路橋","往北","32","561","0"
"10018","1080921","17:00-18:00","假日","中華路3段與四維路口及振興路橋","往北","26","545","2"
"10018","1080921","18:00-19:00","假日","中華路3段與四維路口及振興路橋","往北","21","549","4"
"10018","1080921","12:00-13:00","假日","中華路3段與四維路口及振興路橋","往東","55","2","32"
"10018","1080921","13:00-14:00","假日","中華路3段與四維路口及振興路橋","往東","51","2","46"
"10018","1080921","17:00-18:00","假日","中華路3段與四維路口及振興路橋","往東","45","0","26"
"10018","1080921","18:00-19:00","假日","中華路3段與四維路口及振興路橋","往東","47","4","31"
"10018","1080921","12:00-13:00","假日","中華路3段與四維路口及振興路橋","往南","0","401","67"
"10018","1080921","13:00-14:00","假日","中華路3段與四維路口及振興路橋","往南","7","487","70"
"10018","1080921","17:00-18:00","假日","中華路3段與四維路口及振興路橋","往南","1","542","63"
"10018","1080921","18:00-19:00","假日","中華路3段與四維路口及振興路橋","往南","1","541","70"
"10018","1080921","12:00-13:00","假日","中華路3段與四維路口及振興路橋","往西","2","5","1"
"10018","1080921","13:00-14:00","假日","中華路3段與四維路口及振興路橋","往西","0","4","1"
"10018","1080921","17:00-18:00","假日","中華路3段與四維路口及振興路橋","往西","0","2","0"
"10018","1080921","18:00-19:00","假日","中華路3段與四維路口及振興路橋","往西","2","2","7"
"10018","1080918","07:00-08:00","平日","中華路3段與林森路及育英路及振興路口","往東南","106","86","16"
"10018","1080918","08:00-09:00","平日","中華路3段與林森路及育英路及振興路口","往東南","90","73","17"
"10018","1080918","17:00-18:00","平日","中華路3段與林森路及育英路及振興路口","往東南","58","126","26"
"10018","1080918","18:00-19:00","平日","中華路3段與林森路及育英路及振興路口","往東南","71","111","13"
"10018","1080918","07:00-08:00","平日","中華路3段與林森路及育英路及振興路口","往西南","17","69","319"
"10018","1080918","08:00-09:00","平日","中華路3段與林森路及育英路及振興路口","往西南","23","55","209"
"10018","1080918","17:00-18:00","平日","中華路3段與林森路及育英路及振興路口","往西南","26","144","421"
"10018","1080918","18:00-19:00","平日","中華路3段與林森路及育英路及振興路口","往西南","22","142","402"
"10018","1080918","07:00-08:00","平日","中華路3段與林森路及育英路及振興路口","往東","14","1499","305"
"10018","1080918","08:00-09:00","平日","中華路3段與林森路及育英路及振興路口","往東","9","1222","263"
"10018","1080918","17:00-18:00","平日","中華路3段與林森路及育英路及振興路口","往東","6","1043","172"
"10018","1080918","18:00-19:00","平日","中華路3段與林森路及育英路及振興路口","往東","9","987","162"
"10018","1080918","07:00-08:00","平日","中華路3段與林森路及育英路及振興路口","往西","110","565","46"
"10018","1080918","08:00-09:00","平日","中華路3段與林森路及育英路及振興路口","往西","135","478","76"
"10018","1080918","17:00-18:00","平日","中華路3段與林森路及育英路及振興路口","往西","155","780","93"
"10018","1080918","18:00-19:00","平日","中華路3段與林森路及育英路及振興路口","往西","174","694","87"
"10018","1080918","07:00-08:00","平日","中華路3段與林森路及育英路及振興路口","往東南","40","75","12"
"10018","1080918","08:00-09:00","平日","中華路3段與林森路及育英路及振興路口","往東南","57","79","23"
"10018","1080918","17:00-18:00","平日","中華路3段與林森路及育英路及振興路口","往東南","49","86","23"
"10018","1080918","18:00-19:00","平日","中華路3段與林森路及育英路及振興路口","往東南","47","83","24"
"10018","1080918","07:00-08:00","平日","中華路3段與林森路及育英路及振興路口","往西南","9","126","252"
"10018","1080918","08:00-09:00","平日","中華路3段與林森路及育英路及振興路口","往西南","17","96","335"
"10018","1080918","17:00-18:00","平日","中華路3段與林森路及育英路及振興路口","往西南","11","139","360"
"10018","1080918","18:00-19:00","平日","中華路3段與林森路及育英路及振興路口","往西南","9","140","316"
"10018","1080921","12:00-13:00","假日","中華路3段與林森路及育英路及振興路口","往北","106","109","141"
"10018","1080921","13:00-14:00","假日","中華路3段與林森路及育英路及振興路口","往北","100","151","81"
"10018","1080921","17:00-18:00","假日","中華路3段與林森路及育英路及振興路口","往北","96","126","163"
"10018","1080921","18:00-19:00","假日","中華路3段與林森路及育英路及振興路口","往北","100","106","158"
"10018","1080921","12:00-13:00","假日","中華路3段與林森路及育英路及振興路口","往東","1","719","137"
"10018","1080921","13:00-14:00","假日","中華路3段與林森路及育英路及振興路口","往東","9","904","146"
"10018","1080921","17:00-18:00","假日","中華路3段與林森路及育英路及振興路口","往東","8","832","139"
"10018","1080921","18:00-19:00","假日","中華路3段與林森路及育英路及振興路口","往東","8","866","161"
"10018","1080921","12:00-13:00","假日","中華路3段與林森路及育英路及振興路口","往西","97","394","58"
"10018","1080921","13:00-14:00","假日","中華路3段與林森路及育英路及振興路口","往西","106","528","58"
"10018","1080921","17:00-18:00","假日","中華路3段與林森路及育英路及振興路口","往西","116","535","69"
"10018","1080921","18:00-19:00","假日","中華路3段與林森路及育英路及振興路口","往西","135","482","53"
"10018","1080918","07:00-08:00","平日","中華路3段與警光路口","往北","19","28","109"
"10018","1080918","08:00-09:00","平日","中華路3段與警光路口","往北","9","16","87"
"10018","1080918","17:00-18:00","平日","中華路3段與警光路口","往北","7","24","105"
"10018","1080918","18:00-19:00","平日","中華路3段與警光路口","往北","11","23","76"
"10018","1080918","07:00-08:00","平日","中華路3段與警光路口","往東","3","1345","32"
"10018","1080918","08:00-09:00","平日","中華路3段與警光路口","往東","3","1069","30"
"10018","1080918","17:00-18:00","平日","中華路3段與警光路口","往東","26","852","11"
"10018","1080918","18:00-19:00","平日","中華路3段與警光路口","往東","22","791","7"
"10018","1080918","07:00-08:00","平日","中華路3段與警光路口","往南","216","15","6"
"10018","1080918","08:00-09:00","平日","中華路3段與警光路口","往南","208","9","9"
"10018","1080918","17:00-18:00","平日","中華路3段與警光路口","往南","173","18","7"
"10018","1080918","18:00-19:00","平日","中華路3段與警光路口","往南","162","17","14"
"10018","1080918","07:00-08:00","平日","中華路3段與警光路口","往西","34","703","151"
"10018","1080918","08:00-09:00","平日","中華路3段與警光路口","往西","42","570","130"
"10018","1080918","17:00-18:00","平日","中華路3段與警光路口","往西","78","846","223"
"10018","1080918","18:00-19:00","平日","中華路3段與警光路口","往西","80","853","187"
"10018","1080921","12:00-13:00","假日","中華路3段與警光路口","往北","1","12","58"
"10018","1080921","13:00-14:00","假日","中華路3段與警光路口","往北","9","11","79"
"10018","1080921","17:00-18:00","假日","中華路3段與警光路口","往北","6","22","82"
"10018","1080921","18:00-19:00","假日","中華路3段與警光路口","往北","4","17","72"
"10018","1080921","12:00-13:00","假日","中華路3段與警光路口","往東","2","603","12"
"10018","1080921","13:00-14:00","假日","中華路3段與警光路口","往東","3","685","20"
"10018","1080921","17:00-18:00","假日","中華路3段與警光路口","往東","2","679","18"
"10018","1080921","18:00-19:00","假日","中華路3段與警光路口","往東","1","711","25"
"10018","1080921","12:00-13:00","假日","中華路3段與警光路口","往南","118","8","8"
"10018","1080921","13:00-14:00","假日","中華路3段與警光路口","往南","155","8","3"
"10018","1080921","17:00-18:00","假日","中華路3段與警光路口","往南","146","12","6"
"10018","1080921","18:00-19:00","假日","中華路3段與警光路口","往南","138","8","7"
"10018","1080921","12:00-13:00","假日","中華路3段與警光路口","往西","38","486","110"
"10018","1080921","13:00-14:00","假日","中華路3段與警光路口","往西","69","613","132"
"10018","1080921","17:00-18:00","假日","中華路3段與警光路口","往西","75","649","148"
"10018","1080921","18:00-19:00","假日","中華路3段與警光路口","往西","63","561","149"
"10018","1080918","07:00-08:00","平日","中華路4段與中山路口","往北","107","157","121"
"10018","1080918","08:00-09:00","平日","中華路4段與中山路口","往北","51","105","83"
"10018","1080918","17:00-18:00","平日","中華路4段與中山路口","往北","88","134","54"
"10018","1080918","18:00-19:00","平日","中華路4段與中山路口","往北","53","107","56"
"10018","1080918","07:00-08:00","平日","中華路4段與中山路口","往東","185","1272","151"
"10018","1080918","08:00-09:00","平日","中華路4段與中山路口","往東","150","1045","66"
"10018","1080918","17:00-18:00","平日","中華路4段與中山路口","往東","142","833","91"
"10018","1080918","18:00-19:00","平日","中華路4段與中山路口","往東","114","818","93"
"10018","1080918","07:00-08:00","平日","中華路4段與中山路口","往南","12","69","158"
"10018","1080918","08:00-09:00","平日","中華路4段與中山路口","往南","11","37","161"
"10018","1080918","17:00-18:00","平日","中華路4段與中山路口","往南","9","94","269"
"10018","1080918","18:00-19:00","平日","中華路4段與中山路口","往南","14","94","225"
"10018","1080918","07:00-08:00","平日","中華路4段與中山路口","往西","41","686","11"
"10018","1080918","08:00-09:00","平日","中華路4段與中山路口","往西","19","551","14"
"10018","1080918","17:00-18:00","平日","中華路4段與中山路口","往西","46","773","21"
"10018","1080918","18:00-19:00","平日","中華路4段與中山路口","往西","72","796","21"
"10018","1080921","12:00-13:00","假日","中華路4段與中山路口","往北","45","72","48"
"10018","1080921","13:00-14:00","假日","中華路4段與中山路口","往北","45","61","52"
"10018","1080921","17:00-18:00","假日","中華路4段與中山路口","往北","41","79","47"
"10018","1080921","18:00-19:00","假日","中華路4段與中山路口","往北","48","83","47"
"10018","1080921","12:00-13:00","假日","中華路4段與中山路口","往東","99","520","42"
"10018","1080921","13:00-14:00","假日","中華路4段與中山路口","往東","100","627","45"
"10018","1080921","17:00-18:00","假日","中華路4段與中山路口","往東","108","609","55"
"10018","1080921","18:00-19:00","假日","中華路4段與中山路口","往東","140","700","60"
"10018","1080921","12:00-13:00","假日","中華路4段與中山路口","往南","5","57","126"
"10018","1080921","13:00-14:00","假日","中華路4段與中山路口","往南","12","57","175"
"10018","1080921","17:00-18:00","假日","中華路4段與中山路口","往南","2","69","173"
"10018","1080921","18:00-19:00","假日","中華路4段與中山路口","往南","7","76","167"
"10018","1080921","12:00-13:00","假日","中華路4段與中山路口","往西","42","410","11"
"10018","1080921","13:00-14:00","假日","中華路4段與中山路口","往西","25","570","21"
"10018","1080921","17:00-18:00","假日","中華路4段與中山路口","往西","44","595","18"
"10018","1080921","18:00-19:00","假日","中華路4段與中山路口","往西","31","500","8"
"10018","1080918","07:00-08:00","平日","中華路4段與經國路3段路口","往東","314","1461","0"
"10018","1080918","08:00-09:00","平日","中華路4段與經國路3段路口","往東","274","1159","0"
"10018","1080918","17:00-18:00","平日","中華路4段與經國路3段路口","往東","362","1021","0"
"10018","1080918","18:00-19:00","平日","中華路4段與經國路3段路口","往東","341","960","0"
"10018","1080918","07:00-08:00","平日","中華路4段與經國路3段路口","往南","297","0","624"
"10018","1080918","08:00-09:00","平日","中華路4段與經國路3段路口","往南","164","0","521"
"10018","1080918","17:00-18:00","平日","中華路4段與經國路3段路口","往南","144","0","542"
"10018","1080918","18:00-19:00","平日","中華路4段與經國路3段路口","往南","161","0","477"
"10018","1080918","07:00-08:00","平日","中華路4段與經國路3段路口","往西","0","885","71"
"10018","1080918","08:00-09:00","平日","中華路4段與經國路3段路口","往西","0","666","72"
"10018","1080918","17:00-18:00","平日","中華路4段與經國路3段路口","往西","0","971","110"
"10018","1080918","18:00-19:00","平日","中華路4段與經國路3段路口","往西","0","957","114"
"10018","1080921","12:00-13:00","假日","中華路4段與經國路3段路口","往東","249","611","0"
"10018","1080921","13:00-14:00","假日","中華路4段與經國路3段路口","往東","307","717","0"
"10018","1080921","17:00-18:00","假日","中華路4段與經國路3段路口","往東","338","753","0"
"10018","1080921","18:00-19:00","假日","中華路4段與經國路3段路口","往東","300","790","0"
"10018","1080921","12:00-13:00","假日","中華路4段與經國路3段路口","往南","87","0","317"
"10018","1080921","13:00-14:00","假日","中華路4段與經國路3段路口","往南","96","0","412"
"10018","1080921","17:00-18:00","假日","中華路4段與經國路3段路口","往南","96","0","422"
"10018","1080921","18:00-19:00","假日","中華路4段與經國路3段路口","往南","132","0","374"
"10018","1080921","12:00-13:00","假日","中華路4段與經國路3段路口","往西","0","499","57"
"10018","1080921","13:00-14:00","假日","中華路4段與經國路3段路口","往西","0","720","88"
"10018","1080921","17:00-18:00","假日","中華路4段與經國路3段路口","往西","0","753","67"
"10018","1080921","18:00-19:00","假日","中華路4段與經國路3段路口","往西","0","623","62"